{
  "linear_regression": {
    "r2_score": 0.7052206190029162,
    "mae": 5.806766611136847,
    "rmse": 6.927274747872735,
    "mse": 47.98713543251527
  },
  "random_forest": {
    "r2_score": 0.7869131700076679,
    "mae": 4.623289880365091,
    "rmse": 5.889686329037545,
    "mse": 34.68840505445175
  },
  "xgboost": {
    "r2_score": 0.5815203930766316,
    "mae": 6.552043914794922,
    "rmse": 8.253744314615952,
    "mse": 68.12429521105514
  }
}